{
  "sanity": {
    "coverage": 1.0,
    "room_coverage": 1.0,
    "n_rooms_total": 9,
    "n_rooms_visited": 9,
    "bridge_crossings": 60,
    "var_h": 0.398444,
    "var_encoder_e": 0.011194,
    "failed": false,
    "n_cells_visited": 26,
    "n_free": 26
  },
  "probes": {
    "h": {
      "linear_R2": 0.3561,
      "mlp_R2": -0.2071
    },
    "s": {
      "linear_R2": 0.4266,
      "mlp_R2": 0.5824
    },
    "h+s": {
      "linear_R2": 0.4064,
      "mlp_R2": -0.2275
    },
    "encoder_e": {
      "linear_R2": 0.7554,
      "mlp_R2": 0.8278
    },
    "pix_pca64": {
      "linear_R2": -3.1746,
      "mlp_R2": -1.2485
    },
    "g(h,s)": {
      "linear_R2": 0.443,
      "mlp_R2": 0.4943
    },
    "g_topo(e)": {
      "linear_R2": 0.5743,
      "mlp_R2": 0.5908
    },
    "g_cont(e)": {
      "linear_R2": 0.4677,
      "mlp_R2": 0.4044
    }
  },
  "distances": {
    "h": {
      "pearson_r": 0.0021,
      "pearson_p": 0.8561317324638367,
      "spearman_rho": 0.0007,
      "spearman_p": 0.9547216835781775,
      "pearson_r_le3": 0.0554,
      "spearman_rho_le3": 0.0556,
      "pearson_r_le5": 0.0098,
      "spearman_rho_le5": 0.0089,
      "pearson_r_le8": 0.0021,
      "spearman_rho_le8": 0.0007
    },
    "s": {
      "pearson_r": -0.001,
      "pearson_p": 0.9284006357192993,
      "spearman_rho": -0.011,
      "spearman_p": 0.33950940352660297,
      "pearson_r_le3": 0.0689,
      "spearman_rho_le3": 0.0618,
      "pearson_r_le5": 0.0224,
      "spearman_rho_le5": 0.0036,
      "pearson_r_le8": -0.001,
      "spearman_rho_le8": -0.011
    },
    "h+s": {
      "pearson_r": 0.0018,
      "pearson_p": 0.8756871819496155,
      "spearman_rho": 0.0001,
      "spearman_p": 0.9916688271571916,
      "pearson_r_le3": 0.0567,
      "spearman_rho_le3": 0.0565,
      "pearson_r_le5": 0.0103,
      "spearman_rho_le5": 0.0092,
      "pearson_r_le8": 0.0018,
      "spearman_rho_le8": 0.0001
    },
    "encoder_e": {
      "pearson_r": -0.1647,
      "pearson_p": 0.0,
      "spearman_rho": -0.1872,
      "spearman_p": 6.724056169818074e-61,
      "pearson_r_le3": 0.121,
      "spearman_rho_le3": 0.1071,
      "pearson_r_le5": -0.0674,
      "spearman_rho_le5": -0.091,
      "pearson_r_le8": -0.1647,
      "spearman_rho_le8": -0.1872
    },
    "pix_pca64": {
      "pearson_r": 0.0502,
      "pearson_p": 1.1863624422403518e-05,
      "spearman_rho": 0.0273,
      "spearman_p": 0.017104357514341098,
      "pearson_r_le3": 0.0822,
      "spearman_rho_le3": 0.0596,
      "pearson_r_le5": 0.0513,
      "spearman_rho_le5": 0.0242,
      "pearson_r_le8": 0.0502,
      "spearman_rho_le8": 0.0273
    },
    "g(h,s)": {
      "pearson_r": 0.0115,
      "pearson_p": 0.3139847218990326,
      "spearman_rho": 0.0092,
      "spearman_p": 0.4240594913223469,
      "pearson_r_le3": 0.0223,
      "spearman_rho_le3": 0.0123,
      "pearson_r_le5": 0.005,
      "spearman_rho_le5": 0.0015,
      "pearson_r_le8": 0.0115,
      "spearman_rho_le8": 0.0092
    },
    "g_topo(e)": {
      "pearson_r": -0.0009,
      "pearson_p": 0.9406078457832336,
      "spearman_rho": 0.0185,
      "spearman_p": 0.10640478170578416,
      "pearson_r_le3": 0.0316,
      "spearman_rho_le3": 0.0404,
      "pearson_r_le5": 0.0117,
      "spearman_rho_le5": 0.0229,
      "pearson_r_le8": -0.0009,
      "spearman_rho_le8": 0.0185
    },
    "g_cont(e)": {
      "pearson_r": -0.2321,
      "pearson_p": 0.0,
      "spearman_rho": -0.2345,
      "spearman_p": 1.8238111688209472e-95,
      "pearson_r_le3": 0.0366,
      "spearman_rho_le3": 0.0385,
      "pearson_r_le5": -0.12,
      "spearman_rho_le5": -0.1239,
      "pearson_r_le8": -0.2321,
      "spearman_rho_le8": -0.2345
    }
  },
  "knn": {
    "h": 0.0739,
    "s": 0.0944,
    "h+s": 0.075,
    "encoder_e": 0.1425,
    "pix_pca64": 0.0944,
    "g(h,s)": 0.0824,
    "g_topo(e)": 0.0802,
    "g_cont(e)": 0.0916,
    "_chance_baseline": 0.012516
  },
  "trust_cont": {
    "h": {
      "trustworthiness": 0.6412,
      "continuity": 0.5304
    },
    "s": {
      "trustworthiness": 0.6842,
      "continuity": 0.5952
    },
    "h+s": {
      "trustworthiness": 0.6431,
      "continuity": 0.5314
    },
    "encoder_e": {
      "trustworthiness": 0.789,
      "continuity": 0.6314
    },
    "pix_pca64": {
      "trustworthiness": 0.7951,
      "continuity": 0.5657
    },
    "g(h,s)": {
      "trustworthiness": 0.6554,
      "continuity": 0.5819
    },
    "g_topo(e)": {
      "trustworthiness": 0.6768,
      "continuity": 0.6346
    },
    "g_cont(e)": {
      "trustworthiness": 0.6303,
      "continuity": 0.5725
    }
  },
  "directed_geometry": {
    "n_edges_with_data": 49,
    "mean_abs_asymmetry": 0.27173376083374023,
    "median_abs_asymmetry": 0.2222222238779068,
    "fraction_strong_asymmetry": 0.10204081632653061
  },
  "imagination_vs_replay": {
    "g(h,s)": {
      "pearson_replay_vs_imagination": 0.16129220968316577,
      "spearman_replay_vs_imagination": 0.1299556889339975,
      "knn_overlap_replay_vs_imagination": 0.155078125,
      "k": 10,
      "N_points": 256,
      "horizon": 15
    }
  },
  "latent_communities": {
    "h": {
      "n_rooms_oracle": 9,
      "n_rooms_latent": 1,
      "n_bridges_oracle": 8,
      "n_bridges_latent": 0,
      "n_loops_latent": 136,
      "room_pair_agreement": 0.24,
      "n_cells_visited": 26
    },
    "s": {
      "n_rooms_oracle": 9,
      "n_rooms_latent": 1,
      "n_bridges_oracle": 8,
      "n_bridges_latent": 0,
      "n_loops_latent": 160,
      "room_pair_agreement": 0.24,
      "n_cells_visited": 26
    },
    "h+s": {
      "n_rooms_oracle": 9,
      "n_rooms_latent": 1,
      "n_bridges_oracle": 8,
      "n_bridges_latent": 0,
      "n_loops_latent": 136,
      "room_pair_agreement": 0.24,
      "n_cells_visited": 26
    },
    "encoder_e": {
      "n_rooms_oracle": 9,
      "n_rooms_latent": 1,
      "n_bridges_oracle": 8,
      "n_bridges_latent": 0,
      "n_loops_latent": 164,
      "room_pair_agreement": 0.24,
      "n_cells_visited": 26
    },
    "pix_pca64": {
      "n_rooms_oracle": 9,
      "n_rooms_latent": 1,
      "n_bridges_oracle": 8,
      "n_bridges_latent": 0,
      "n_loops_latent": 156,
      "room_pair_agreement": 0.24,
      "n_cells_visited": 26
    },
    "g(h,s)": {
      "n_rooms_oracle": 9,
      "n_rooms_latent": 1,
      "n_bridges_oracle": 8,
      "n_bridges_latent": 0,
      "n_loops_latent": 157,
      "room_pair_agreement": 0.24,
      "n_cells_visited": 26
    },
    "g_topo(e)": {
      "n_rooms_oracle": 9,
      "n_rooms_latent": 1,
      "n_bridges_oracle": 8,
      "n_bridges_latent": 0,
      "n_loops_latent": 160,
      "room_pair_agreement": 0.24,
      "n_cells_visited": 26
    },
    "g_cont(e)": {
      "n_rooms_oracle": 9,
      "n_rooms_latent": 1,
      "n_bridges_oracle": 8,
      "n_bridges_latent": 0,
      "n_loops_latent": 170,
      "room_pair_agreement": 0.24,
      "n_cells_visited": 26
    }
  },
  "metric_class_mismatch": {
    "h": {
      "pearson_latent_vs_geodesic": 0.0017653035913482995,
      "spearman_latent_vs_geodesic": 0.0009744182340524483,
      "pearson_latent_vs_replay_graph": -0.016205590688841198,
      "spearman_latent_vs_replay_graph": -0.015589844383157513,
      "pearson_geodesic_vs_replay_graph": 0.8693693293548677,
      "spearman_geodesic_vs_replay_graph": 0.8622471312351475,
      "pearson_latent_vs_replay_steps": 0.7069355341756616,
      "spearman_latent_vs_replay_steps": 0.7638695118182566,
      "n_pairs_replay_steps": 3759,
      "pearson_latent_vs_replay_mixed_steps": 0.35694534304020387,
      "spearman_latent_vs_replay_mixed_steps": 0.519249575023942,
      "n_pairs_replay_mixed_steps": 3968,
      "replay_mixed_graph_n_nodes": 1153,
      "replay_mixed_graph_knn_k": 10
    },
    "s": {
      "pearson_latent_vs_geodesic": 0.009198566200204317,
      "spearman_latent_vs_geodesic": 0.0057647350953267205,
      "pearson_latent_vs_replay_graph": 0.012155020783131132,