{
  "sanity": {
    "coverage": 1.0,
    "room_coverage": 1.0,
    "n_rooms_total": 9,
    "n_rooms_visited": 9,
    "bridge_crossings": 58,
    "var_h": 0.576966,
    "var_encoder_e": 0.020343,
    "failed": false,
    "n_cells_visited": 26,
    "n_free": 26
  },
  "probes": {
    "h": {
      "linear_R2": 0.2027,
      "mlp_R2": -0.1539
    },
    "s": {
      "linear_R2": 0.3702,
      "mlp_R2": 0.3054
    },
    "h+s": {
      "linear_R2": 0.2759,
      "mlp_R2": 0.0659
    },
    "encoder_e": {
      "linear_R2": 0.5107,
      "mlp_R2": 0.4788
    },
    "pix_pca64": {
      "linear_R2": -3.0068,
      "mlp_R2": -2.9532
    },
    "g(h,s)": {
      "linear_R2": 0.4189,
      "mlp_R2": 0.3056
    },
    "g_topo(e)": {
      "linear_R2": 0.269,
      "mlp_R2": 0.461
    },
    "g_cont(e)": {
      "linear_R2": 0.4656,
      "mlp_R2": 0.4209
    },
    "g_lap(e)": {
      "linear_R2": 0.483,
      "mlp_R2": 0.4899
    }
  },
  "distances": {
    "h": {
      "pearson_r": 0.0215,
      "pearson_p": 0.06086120009422302,
      "spearman_rho": 0.0195,
      "spearman_p": 0.08920305412917191,
      "pearson_r_le3": -0.0007,
      "spearman_rho_le3": -0.0059,
      "pearson_r_le5": 0.0114,
      "spearman_rho_le5": 0.0103,
      "pearson_r_le8": 0.0215,
      "spearman_rho_le8": 0.0195
    },
    "s": {
      "pearson_r": -0.0278,
      "pearson_p": 0.015447946265339851,
      "spearman_rho": -0.0466,
      "spearman_p": 4.6997778555918686e-05,
      "pearson_r_le3": 0.0706,
      "spearman_rho_le3": 0.1092,
      "pearson_r_le5": 0.0156,
      "spearman_rho_le5": 0.0144,
      "pearson_r_le8": -0.0278,
      "spearman_rho_le8": -0.0466
    },
    "h+s": {
      "pearson_r": 0.0213,
      "pearson_p": 0.0632307380437851,
      "spearman_rho": 0.0189,
      "spearman_p": 0.09920919340098516,
      "pearson_r_le3": -0.0005,
      "spearman_rho_le3": -0.0045,
      "pearson_r_le5": 0.0119,
      "spearman_rho_le5": 0.0101,
      "pearson_r_le8": 0.0213,
      "spearman_rho_le8": 0.0189
    },
    "encoder_e": {
      "pearson_r": -0.1257,
      "pearson_p": 3.4816090051332615e-28,
      "spearman_rho": -0.1306,
      "spearman_p": 2.7075924727532173e-30,
      "pearson_r_le3": 0.1121,
      "spearman_rho_le3": 0.1023,
      "pearson_r_le5": -0.0228,
      "spearman_rho_le5": -0.0295,
      "pearson_r_le8": -0.1257,
      "spearman_rho_le8": -0.1306
    },
    "pix_pca64": {
      "pearson_r": 0.0418,
      "pearson_p": 0.0002618776052258909,
      "spearman_rho": 0.0238,
      "spearman_p": 0.037832355319821105,
      "pearson_r_le3": 0.0548,
      "spearman_rho_le3": 0.0503,
      "pearson_r_le5": 0.0492,
      "spearman_rho_le5": 0.0368,
      "pearson_r_le8": 0.0418,
      "spearman_rho_le8": 0.0238
    },
    "g(h,s)": {
      "pearson_r": 0.0214,
      "pearson_p": 0.06237570196390152,
      "spearman_rho": 0.0172,
      "spearman_p": 0.1337361662095207,
      "pearson_r_le3": 0.0161,
      "spearman_rho_le3": 0.0114,
      "pearson_r_le5": -0.001,
      "spearman_rho_le5": -0.0018,
      "pearson_r_le8": 0.0214,
      "spearman_rho_le8": 0.0172
    },
    "g_topo(e)": {
      "pearson_r": -0.0788,
      "pearson_p": 5.68263925498913e-12,
      "spearman_rho": -0.0495,
      "spearman_p": 1.542206091060667e-05,
      "pearson_r_le3": 0.0038,
      "spearman_rho_le3": 0.0102,
      "pearson_r_le5": -0.0472,
      "spearman_rho_le5": -0.0295,
      "pearson_r_le8": -0.0788,
      "spearman_rho_le8": -0.0495
    },
    "g_cont(e)": {
      "pearson_r": -0.2524,
      "pearson_p": 0.0,
      "spearman_rho": -0.2598,
      "spearman_p": 1.1703267865294616e-117,
      "pearson_r_le3": 0.1138,
      "spearman_rho_le3": 0.1191,
      "pearson_r_le5": -0.0872,
      "spearman_rho_le5": -0.0934,
      "pearson_r_le8": -0.2524,
      "spearman_rho_le8": -0.2598
    },
    "g_lap(e)": {
      "pearson_r": 0.024,
      "pearson_p": 0.036476727575063705,
      "spearman_rho": 0.0137,
      "spearman_p": 0.2330530252362405,
      "pearson_r_le3": 0.0349,
      "spearman_rho_le3": 0.0371,
      "pearson_r_le5": 0.0385,
      "spearman_rho_le5": 0.0414,
      "pearson_r_le8": 0.024,
      "spearman_rho_le8": 0.0137
    }
  },
  "knn": {
    "h": 0.0672,
    "s": 0.0853,
    "h+s": 0.068,
    "encoder_e": 0.1035,
    "pix_pca64": 0.0895,
    "g(h,s)": 0.0757,
    "g_topo(e)": 0.0274,
    "g_cont(e)": 0.0876,
    "g_lap(e)": 0.0221,
    "_chance_baseline": 0.012516
  },
  "trust_cont": {
    "h": {
      "trustworthiness": 0.6764,
      "continuity": 0.5192
    },
    "s": {
      "trustworthiness": 0.6815,
      "continuity": 0.5994
    },
    "h+s": {
      "trustworthiness": 0.6779,
      "continuity": 0.5207
    },
    "encoder_e": {
      "trustworthiness": 0.7303,
      "continuity": 0.6212
    },
    "pix_pca64": {
      "trustworthiness": 0.7805,
      "continuity": 0.5594
    },
    "g(h,s)": {
      "trustworthiness": 0.6527,
      "continuity": 0.5874
    },
    "g_topo(e)": {
      "trustworthiness": 0.5477,
      "continuity": 0.5605
    },
    "g_cont(e)": {
      "trustworthiness": 0.6368,
      "continuity": 0.5902
    },
    "g_lap(e)": {
      "trustworthiness": 0.4459,
      "continuity": 0.554
    }
  },
  "directed_geometry": {
    "n_edges_with_data": 48,
    "mean_abs_asymmetry": 0.27320635318756104,
    "median_abs_asymmetry": 0.17142857611179352,
    "fraction_strong_asymmetry": 0.1875
  },
  "imagination_vs_replay": {
    "g(h,s)": {
      "pearson_replay_vs_imagination": 0.1393347210989399,
      "spearman_replay_vs_imagination": 0.09949991015342527,
      "knn_overlap_replay_vs_imagination": 0.190625,
      "k": 10,
      "N_points": 256,
      "horizon": 15
    }
  },
  "latent_communities": {
    "h": {
      "n_rooms_oracle": 9,
      "n_rooms_latent": 1,
      "n_bridges_oracle": 8,
      "n_bridges_latent": 0,
      "n_loops_latent": 156,
      "room_pair_agreement": 0.24,
      "n_cells_visited": 26
    },
    "s": {
      "n_rooms_oracle": 9,
      "n_rooms_latent": 1,
      "n_bridges_oracle": 8,
      "n_bridges_latent": 0,
      "n_loops_latent": 160,
      "room_pair_agreement": 0.24,
      "n_cells_visited": 26
    },
    "h+s": {
      "n_rooms_oracle": 9,
      "n_rooms_latent": 1,
      "n_bridges_oracle": 8,
      "n_bridges_latent": 0,
      "n_loops_latent": 156,
      "room_pair_agreement": 0.24,
      "n_cells_visited": 26
    },
    "encoder_e": {
      "n_rooms_oracle": 9,
      "n_rooms_latent": 1,
      "n_bridges_oracle": 8,
      "n_bridges_latent": 0,
      "n_loops_latent": 156,
      "room_pair_agreement": 0.24,
      "n_cells_visited": 26
    },
    "pix_pca64": {
      "n_rooms_oracle": 9,
      "n_rooms_latent": 1,
      "n_bridges_oracle": 8,
      "n_bridges_latent": 0,
      "n_loops_latent": 165,
      "room_pair_agreement": 0.24,
      "n_cells_visited": 26
    },
    "g(h,s)": {
      "n_rooms_oracle": 9,
      "n_rooms_latent": 1,
      "n_bridges_oracle": 8,
      "n_bridges_latent": 0,
      "n_loops_latent": 160,
      "room_pair_agreement": 0.24,
      "n_cells_visited": 26
    },
    "g_topo(e)": {
      "n_rooms_oracle": 9,
      "n_rooms_latent": 1,
      "n_bridges_oracle": 8,
      "n_bridges_latent": 0,
      "n_loops_latent": 125,
      "room_pair_agreement": 0.24,
      "n_cells_visited": 26
    },
    "g_cont(e)": {
      "n_rooms_oracle": 9,
      "n_rooms_latent": 1,
      "n_bridges_oracle": 8,
      "n_bridges_latent": 0,
      "n_loops_latent": 165,
      "room_pair_agreement": 0.24,
      "n_cells_visited": 26
    },
    "g_lap(e)": {
      "n_rooms_oracle": 9,
      "n_rooms_latent": 1,
      "n_bridges_oracle": 8,
      "n_bridges_latent": 0,
      "n_loops_latent": 175,
      "room_pair_agreement": 0.24,
      "n_cells_visited": 26
    }
  },
  "metric_class_mismatch": {
    "h": {
      "pearson_latent_vs_geodesic": 0.030009247256877813,
      "spearman_latent_vs_geodesic": 0.021142080750546202,
      "pearson_latent_vs_replay_graph": 0.02558447999970248,